RecordTime,FaceBoundingBox_X,FaceBoundingBox_Y,FaceBoundingBox_W,FaceBoundingBox_H,FaceLandmarks_1_X,FaceLandmarks_1_Y,FaceLandmarks_2_X,FaceLandmarks_2_Y,FaceLandmarks_3_X,FaceLandmarks_3_Y,FaceLandmarks_4_X,FaceLandmarks_4_Y,FaceLandmarks_5_X,FaceLandmarks_5_Y,FaceLandmarks_6_X,FaceLandmarks_6_Y,FaceLandmarks_7_X,FaceLandmarks_7_Y,FaceLandmarks_8_X,FaceLandmarks_8_Y,FaceLandmarks_9_X,FaceLandmarks_9_Y,FaceLandmarks_10_X,FaceLandmarks_10_Y,FaceLandmarks_11_X,FaceLandmarks_11_Y,FaceLandmarks_12_X,FaceLandmarks_12_Y,FaceLandmarks_13_X,FaceLandmarks_13_Y,FaceLandmarks_14_X,FaceLandmarks_14_Y,FaceLandmarks_15_X,FaceLandmarks_15_Y,FaceLandmarks_16_X,FaceLandmarks_16_Y,FaceLandmarks_17_X,FaceLandmarks_17_Y,FaceLandmarks_18_X,FaceLandmarks_18_Y,FaceLandmarks_19_X,FaceLandmarks_19_Y,FaceLandmarks_20_X,FaceLandmarks_20_Y,FaceLandmarks_21_X,FaceLandmarks_21_Y,FaceLandmarks_22_X,FaceLandmarks_22_Y,FaceLandmarks_23_X,FaceLandmarks_23_Y,FaceLandmarks_24_X,FaceLandmarks_24_Y,FaceLandmarks_25_X,FaceLandmarks_25_Y,FaceLandmarks_26_X,FaceLandmarks_26_Y,FaceLandmarks_27_X,FaceLandmarks_27_Y,FaceLandmarks_28_X,FaceLandmarks_28_Y,FaceLandmarks_29_X,FaceLandmarks_29_Y,FaceLandmarks_30_X,FaceLandmarks_30_Y,FaceLandmarks_31_X,FaceLandmarks_31_Y,FaceLandmarks_32_X,FaceLandmarks_32_Y,FaceLandmarks_33_X,FaceLandmarks_33_Y,FaceLandmarks_34_X,FaceLandmarks_34_Y,FaceLandmarks_35_X,FaceLandmarks_35_Y,HeadPoseAngles_X,HeadPoseAngles_Y,HeadPoseAngles_Z,EyeState_Left,EyeState_Right,LeftEyeBoundingBox_X,LeftEyeBoundingBox_Y,LeftEyeBoundingBox_W,LeftEyeBoundingBox_H,RightEyeBoundingBox_X,RightEyeBoundingBox_Y,RightEyeBoundingBox_W,RightEyeBoundingBox_H,EyeLandmarks_1_X,EyeLandmarks_1_Y,EyeLandmarks_2_X,EyeLandmarks_2_Y,EyeLandmarks_3_X,EyeLandmarks_3_Y,EyeLandmarks_4_X,EyeLandmarks_4_Y,LeftEyeMidPoint_X,LeftEyeMidPoint_Y,RightEyeMidPoint_X,RightEyeMidPoint_Y,GazeVector_X,GazeVector_Y,GazeVector_Z,RecordType
2023-05-05 145640,429,163,518,518,638,358,572,351,740,361,806,358,688,446,688,477,636,458,738,461,620,530,751,533,687,513,685,571,542,311,595,288,652,311,728,313,787,293,837,319,509,346,509,394,514,441,523,487,538,531,562,570,594,604,633,632,686,644,737,634,777,608,809,575,834,537,850,495,860,450,866,405,868,356,0.323339,6.69337,-0.976304,1,1,546,295,119,119,714,300,118,118,638,358,572,351,740,361,806,358,605,354.5,773,359.5,0.110984,-0.151582,-0.982194,1
2023-05-05 145640,428,162,520,520,638,359,572,352,741,361,807,358,688,446,689,477,637,459,739,461,621,531,752,534,688,513,686,573,542,311,595,288,653,311,728,313,787,293,837,318,510,347,509,395,514,442,524,488,540,532,564,571,595,605,634,633,687,645,738,635,777,608,809,575,834,537,850,494,860,449,866,404,868,355,0.336706,7.56666,-0.962979,1,1,546,296,119,119,715,300,118,118,638,359,572,352,741,361,807,358,605,355.5,774,359.5,0.126667,-0.170242,-0.977227,1
2023-05-05 145640,429,163,520,520,638,359,572,352,739,361,804,358,687,445,687,476,636,458,737,461,621,531,751,534,687,512,685,573,542,312,595,289,651,312,726,313,785,293,835,319,511,348,510,396,515,442,525,489,540,533,564,572,596,606,635,634,687,646,738,636,777,609,810,576,834,538,850,495,859,450,865,405,866,356,0.30983,6.92198,-1.12902,1,1,546,296,119,119,713,301,117,117,638,359,572,352,739,361,804,358,605,355.5,771.5,359.5,0.150673,-0.175494,-0.972882,1
2023-05-05 145640,427,161,522,522,638,359,572,352,740,361,806,358,688,447,688,478,637,459,738,462,621,532,752,534,688,514,686,572,541,311,594,288,652,312,727,313,786,293,836,318,509,346,509,395,514,441,524,488,539,532,564,571,595,605,634,633,687,645,738,635,777,608,809,575,834,537,850,494,859,449,866,404,867,355,0.438201,6.88185,-1.18011,1,1,546,296,119,119,714,300,118,118,638,359,572,352,740,361,806,358,605,355.5,773,359.5,0.142461,-0.177047,-0.973837,1
2023-05-05 145640,429,163,520,520,637,359,572,353,739,362,804,359,687,447,687,478,636,460,737,462,620,530,751,533,687,514,685,569,542,313,595,290,651,313,726,315,784,294,835,319,510,348,509,396,514,442,524,488,539,532,563,571,595,605,634,632,686,644,737,634,777,608,810,575,834,537,850,495,860,450,865,405,867,356,0.144721,7.53161,-0.936058,1,1,546,298,117,117,713,302,117,117,637,359,572,353,739,362,804,359,604.5,356,771.5,360.5,0.147465,-0.172492,-0.97391,1
2023-05-05 145641,429,163,519,519,638,359,572,352,740,361,805,358,688,447,688,478,637,460,738,462,621,530,752,533,688,514,686,569,542,312,595,289,652,312,727,314,786,294,836,319,510,348,510,396,515,442,524,488,540,532,564,571,596,605,635,632,687,644,738,634,778,608,810,576,835,537,850,495,860,450,866,405,867,356,0.212201,7.64577,-0.902056,1,1,546,296,119,119,714,301,117,117,638,359,572,352,740,361,805,358,605,355.5,772.5,359.5,0.13702,-0.162199,-0.977198,1
2023-05-05 145641,428,162,520,520,638,359,572,352,740,361,806,358,688,448,688,479,637,460,739,462,621,532,752,534,688,515,686,572,541,312,595,289,652,312,728,314,786,293,837,319,510,347,510,395,515,442,524,488,540,532,564,572,596,606,634,634,687,646,738,636,778,609,810,576,834,537,850,495,860,450,866,404,867,355,0.288506,8.04356,-0.779849,1,1,546,296,119,119,714,300,118,118,638,359,572,352,740,361,806,358,605,355.5,773,359.5,0.143198,-0.179373,-0.973304,1
2023-05-05 145641,425,162,527,527,638,358,573,351,741,361,806,359,689,446,689,477,638,459,739,462,622,532,752,537,689,514,687,577,542,311,596,288,653,311,728,314,787,293,837,320,510,345,510,394,515,442,525,489,540,533,564,574,596,609,634,638,687,651,738,640,777,614,809,580,833,541,849,498,859,452,865,406,867,357,0.243464,8.09666,-1.12689,1,1,547,296,117,117,715,302,117,117,638,358,573,351,741,361,806,359,605.5,354.5,773.5,360,0.146004,-0.161193,-0.976063,1
2023-05-05 145641,422,161,534,534,639,357,574,350,743,361,807,359,691,447,691,478,639,459,741,463,623,534,753,539,690,514,687,582,543,310,597,287,655,311,730,313,789,294,839,320,511,343,511,393,516,441,526,488,542,533,566,574,597,609,635,639,687,653,737,642,775,615,806,581,831,542,847,499,858,453,865,406,867,357,0.218879,8.21918,-0.749982,1,1,548,295,117,117,718,303,115,115,639,357,574,350,743,361,807,359,606.5,353.5,775,360,0.138249,-0.160744,-0.977266,1
2023-05-05 145641,422,162,532,532,639,358,573,350,743,361,809,359,691,448,691,479,639,460,741,464,624,535,754,540,690,515,688,582,542,309,596,287,654,311,730,313,790,293,840,320,510,343,510,393,515,441,525,488,542,533,566,574,597,609,636,639,688,652,738,642,776,614,808,580,832,541,849,498,860,452,866,406,868,356,0.255288,8.0444,-0.935317,1,1,547,295,119,119,717,301,118,118,639,358,573,350,743,361,809,359,606,354,776,360,0.152449,-0.170635,-0.973469,1
2023-05-05 145641,424,161,529,529,639,358,573,351,742,361,807,359,690,446,690,478,638,459,740,463,622,534,752,538,689,514,687,579,542,311,596,288,654,311,729,313,788,293,838,320,510,346,510,394,515,442,524,489,540,534,564,574,596,609,634,638,687,651,738,641,777,613,808,580,833,540,849,498,859,452,865,406,867,356,0.266594,8.37463,-1.29913,1,1,547,295,119,119,716,302,117,117,639,358,573,351,742,361,807,359,606,354.5,774.5,360,0.145437,-0.17459,-0.973841,1
2023-05-05 145641,426,162,526,526,638,358,573,351,741,361,806,359,688,446,688,478,637,459,738,463,621,531,751,535,687,514,685,572,542,311,596,288,653,312,728,314,787,294,838,321,511,346,510,394,515,441,524,488,539,532,563,572,594,606,633,635,685,647,736,637,776,612,808,579,833,540,849,498,860,453,866,407,868,358,0.137568,8.42231,-1.1739,1,1,547,296,117,117,715,302,117,117,638,358,573,351,741,361,806,359,605.5,354.5,773.5,360,0.149871,-0.16481,-0.974873,1
2023-05-05 145641,430,164,519,519,639,359,573,352,741,362,806,359,688,446,688,478,637,459,739,462,621,530,753,533,688,514,686,569,543,312,596,289,653,313,728,315,786,294,837,320,510,347,509,395,514,441,523,488,539,531,563,571,595,605,634,632,687,644,738,635,778,609,811,576,836,538,852,496,862,451,867,406,869,357,0.163225,7.88782,-0.824264,1,1,547,296,119,119,715,302,117,117,639,359,573,352,741,362,806,359,606,355.5,773.5,360.5,0.140868,-0.169783,-0.975361,1
2023-05-05 145641,429,164,519,519,638,358,573,351,740,361,806,359,688,445,688,477,636,458,738,461,620,530,751,533,687,513,685,570,543,311,596,288,653,312,728,314,787,294,837,320,510,346,509,394,514,441,523,487,538,531,562,571,594,605,633,632,685,644,736,635,776,609,809,576,834,538,850,495,860,451,866,405,868,357,0.151196,7.07657,-0.969735,1,1,547,296,117,117,714,301,118,118,638,358,573,351,740,361,806,359,605.5,354.5,773,360,0.137783,-0.172205,-0.975378,1
2023-05-05 145641,427,162,523,523,638,358,572,351,740,361,806,358,688,445,688,477,637,458,738,461,621,530,752,533,688,513,686,570,542,311,595,288,652,312,727,314,786,293,836,319,509,346,509,394,514,441,523,487,539,531,563,571,595,605,634,633,686,645,738,635,778,609,811,576,835,538,851,495,861,451,867,405,868,356,0.214051,7.00788,-0.96691,1,1,546,295,119,119,714,300,118,118,638,358,572,351,740,361,806,358,605,354.5,773,359.5,0.144896,-0.179976,-0.972941,1
2023-05-05 145641,428,162,524,524,638,358,572,352,741,361,806,358,688,445,689,476,637,458,739,461,621,530,753,532,688,512,686,569,541,312,595,289,652,312,727,313,786,293,837,318,508,348,508,396,513,442,522,489,538,533,563,572,595,606,635,633,688,645,739,635,780,609,813,576,838,537,853,495,863,450,869,405,870,356,0.124331,7.16591,-1.07094,1,1,546,296,119,119,715,301,117,117,638,358,572,352,741,361,806,358,605,355,773.5,359.5,0.146647,-0.170993,-0.974298,1
2023-05-05 145641,428,164,519,519,639,359,572,352,741,361,807,358,689,446,689,477,637,458,740,461,621,529,753,533,689,513,687,569,542,311,596,289,653,312,729,314,787,294,837,319,509,347,509,395,514,441,523,487,538,531,563,570,595,604,634,631,687,643,738,633,778,607,810,575,835,537,851,495,861,450,867,405,868,357,0.175672,6.1364,-0.838543,1,1,545,295,121,121,715,300,118,118,639,359,572,352,741,361,807,358,605.5,355.5,774,359.5,0.133831,-0.168685,-0.976542,1
2023-05-05 145641,430,164,517,517,638,359,572,352,740,362,806,359,688,446,688,477,636,459,738,461,620,530,752,533,687,513,686,568,542,312,595,289,652,312,728,314,786,294,837,320,508,348,507,395,512,442,521,488,537,532,561,571,594,604,633,631,686,643,738,633,778,607,811,575,836,537,852,495,861,450,867,405,869,357,0.245095,6.00398,-0.95548,1,1,546,296,119,119,714,301,118,118,638,359,572,352,740,362,806,359,605,355.5,773,360.5,0.148193,-0.181288,-0.9722,1
2023-05-05 145641,430,162,519,519,638,359,571,353,740,361,806,358,688,445,688,476,636,458,739,460,620,530,752,532,687,512,685,569,541,312,595,290,652,312,727,314,786,293,836,318,507,348,507,395,512,442,521,488,537,532,561,571,594,604,633,631,687,643,738,633,779,607,812,574,837,535,853,493,862,449,868,404,869,355,0.426887,6.64618,-1.29659,1,1,544,296,121,121,714,300,118,118,638,359,571,353,740,361,806,358,604.5,356,773,359.5,0.147814,-0.181839,-0.972155,1
2023-05-05 145641,427,162,523,523,638,358,572,352,740,361,806,358,689,445,689,477,638,459,739,461,622,530,753,533,689,513,687,570,542,311,595,288,652,311,727,313,786,292,836,318,509,348,509,395,514,442,524,488,539,532,564,571,596,605,635,632,688,644,739,634,779,608,811,575,836,536,851,494,861,449,867,404,868,356,0.161209,6.86796,-1.19753,1,1,546,296,119,119,714,300,118,118,638,358,572,352,740,361,806,358,605,355,773,359.5,0.14856,-0.172289,-0.973779,1
2023-05-05 145641,428,164,519,519,639,359,573,352,741,361,806,359,689,446,689,477,638,459,739,462,622,530,753,533,689,513,687,571,542,312,596,289,653,312,728,314,787,294,837,319,509,347,509,395,514,442,523,488,539,532,564,571,596,605,635,632,688,644,738,634,778,607,810,575,834,536,850,494,860,450,866,405,867,357,0.255944,6.14505,-1.21989,1,1,547,296,119,119,715,302,117,117,639,359,573,352,741,361,806,359,606,355.5,773.5,360,0.139496,-0.166693,-0.976091,1
2023-05-05 145641,427,163,523,523,638,358,572,352,741,361,806,358,688,445,688,477,637,458,738,461,621,529,752,533,688,512,686,569,542,311,595,289,652,312,727,314,786,293,837,319,509,347,509,395,514,441,523,487,539,531,563,570,595,604,634,631,687,643,738,634,778,608,811,575,836,537,851,495,861,450,867,405,869,357,0.0486436,7.53271,-1.14054,1,1,546,296,119,119,715,301,117,117,638,358,572,352,741,361,806,358,605,355,773.5,359.5,0.13716,-0.166901,-0.976387,1
2023-05-05 145641,429,163,519,519,638,359,572,352,740,361,806,358,688,445,689,477,637,459,739,461,621,529,753,531,688,513,687,566,541,312,594,289,652,312,727,314,786,293,836,319,508,348,507,395,512,442,521,487,537,531,562,570,595,603,635,630,688,642,740,632,780,606,813,574,838,535,853,493,862,449,868,404,869,356,0.11319,6.92334,-1.00798,1,1,546,296,119,119,714,300,118,118,638,359,572,352,740,361,806,358,605,355.5,773,359.5,0.147787,-0.173897,-0.973611,1
2023-05-05 145641,428,164,519,519,639,358,572,351,741,361,806,358,689,445,689,476,637,458,739,461,621,527,754,531,689,512,687,565,542,311,595,289,653,312,728,314,786,293,837,320,508,347,507,395,512,441,521,487,536,531,561,571,594,604,634,631,688,643,739,633,779,608,812,575,837,537,852,495,862,450,867,405,868,357,0.0680375,6.19841,-0.347202,1,1,545,294,121,121,715,301,117,117,639,358,572,351,741,361,806,358,605.5,354.5,773.5,359.5,0.231323,-0.151454,-0.961016,1
2023-05-05 145641,429,164,517,517,638,359,571,352,741,361,807,358,689,447,689,478,637,459,740,462,621,529,755,532,689,514,688,566,541,311,595,289,652,312,728,314,786,293,837,319,507,347,506,395,511,442,520,488,536,532,561,571,594,604,635,631,689,643,740,633,780,607,814,575,838,536,854,494,863,449,869,404,870,356,0.265193,6.65997,-0.557028,1,1,544,295,121,121,715,300,118,118,638,359,571,352,741,361,807,358,604.5,355.5,774,359.5,0.259265,-0.155036,-0.953281,1
2023-05-05 145641,428,164,518,518,639,358,572,351,741,361,807,358,689,446,689,477,637,458,739,461,621,528,754,532,688,513,687,568,541,310,595,288,653,311,728,314,787,293,838,319,508,346,507,394,512,440,521,487,537,531,562,570,594,604,634,631,687,643,738,633,778,607,811,575,836,537,852,494,861,450,867,405,869,356,0.17108,6.60701,-0.630321,1,1,545,294,121,121,715,300,118,118,639,358,572,351,741,361,807,358,605.5,354.5,774,359.5,0.265247,-0.159922,-0.950826,1
2023-05-05 145641,426,162,523,523,638,358,572,351,740,360,806,357,688,445,688,477,637,458,739,461,621,529,753,533,688,513,686,569,541,311,594,288,652,311,727,313,786,292,837,318,509,346,508,394,513,441,522,487,538,531,562,571,595,605,634,632,687,644,738,634,778,608,811,575,836,536,852,494,861,449,867,404,869,355,0.199334,7.00904,-0.855589,1,1,546,295,119,119,714,299,118,118,638,358,572,351,740,360,806,357,605,354.5,773,358.5,0.267796,-0.155794,-0.950796,1
2023-05-05 145641,427,163,520,520,638,358,572,351,741,361,806,358,688,446,688,477,636,459,739,462,621,530,752,534,688,513,686,570,542,311,595,288,652,312,728,314,787,293,837,319,509,346,509,394,514,441,523,487,538,532,562,571,594,605,633,633,686,645,738,635,778,609,810,576,835,537,851,495,861,450,867,405,869,356,0.249708,6.47866,-0.939412,1,1,546,295,119,119,715,301,117,117,638,358,572,351,741,361,806,358,605,354.5,773.5,359.5,0.269831,-0.151705,-0.950882,1
2023-05-05 145641,428,164,520,520,639,358,573,351,741,361,806,358,689,447,689,478,637,459,739,462,622,531,752,534,688,514,686,572,542,310,596,288,653,311,728,314,787,293,837,319,510,345,509,394,514,441,524,487,539,531,564,571,596,605,634,633,687,645,738,635,777,608,809,575,834,537,850,494,860,450,866,404,868,356,0.192566,6.13023,-1.08724,1,1,547,295,119,119,715,301,117,117,639,358,573,351,741,361,806,358,606,354.5,773.5,359.5,0.2728,-0.15429,-0.949618,1
2023-05-05 145641,427,165,519,519,639,358,572,350,742,361,808,359,690,447,690,477,638,458,740,462,622,530,753,535,689,513,687,574,541,310,595,287,653,311,730,313,789,293,839,319,509,345,508,393,514,441,523,487,539,531,564,571,595,605,634,633,687,646,738,635,777,609,809,576,833,538,849,496,860,451,866,406,868,357,0.312888,5.28375,-0.820961,1,1,545,294,121,121,716,301,118,118,639,358,572,350,742,361,808,359,605.5,354,775,360,0.270437,-0.144543,-0.951825,1
2023-05-05 145641,424,163,526,526,640,357,573,350,743,361,809,359,691,446,690,477,638,458,741,462,622,531,754,536,690,513,688,575,542,309,596,287,654,310,730,313,790,293,840,320,510,344,509,393,515,440,524,487,540,532,565,572,596,606,635,635,687,647,738,637,777,611,809,578,834,540,850,497,861,452,867,406,869,357,0.141466,7.62234,-1.18017,1,1,546,293,121,121,717,301,118,118,640,357,573,350,743,361,809,359,606.5,353.5,776,360,0.269662,-0.140344,-0.952673,1
2023-05-05 145641,426,162,525,525,639,357,573,350,742,361,808,359,689,446,689,477,637,458,740,462,621,530,752,535,688,513,686,573,543,309,597,287,654,311,730,313,789,293,839,320,510,344,509,392,514,440,523,486,538,531,562,571,594,605,633,634,686,647,737,637,777,611,810,578,835,540,851,497,861,452,868,406,870,357,0.191137,6.80752,-0.702096,1,1,547,294,119,119,716,301,118,118,639,357,573,350,742,361,808,359,606,353.5,775,360,0.298968,-0.13344,-0.944887,1
2023-05-05 145641,426,162,525,525,639,357,573,350,742,361,808,358,690,446,689,477,638,458,740,462,621,529,753,534,689,513,686,571,543,309,597,287,654,311,730,314,788,294,839,320,509,344,508,392,513,439,522,486,537,530,562,570,594,605,633,633,686,646,737,636,777,610,810,577,835,539,851,496,861,451,868,406,869,357,0.186702,7.44747,-0.701339,1,1,547,294,119,119,716,300,118,118,639,357,573,350,742,361,808,358,606,353.5,775,359.5,0.301019,-0.140921,-0.943148,1
2023-05-05 145642,427,163,523,523,639,357,573,350,742,360,808,358,689,445,689,477,638,458,740,461,621,529,753,534,688,513,686,570,543,310,597,287,654,311,730,313,788,293,839,320,509,344,508,393,513,440,522,486,537,531,561,570,594,605,633,633,686,645,737,635,777,609,810,577,836,538,851,496,862,451,868,405,870,357,0.0194612,6.41904,-0.679588,1,1,547,294,119,119,716,300,118,118,639,357,573,350,742,360,808,358,606,353.5,775,359,0.301315,-0.130707,-0.944523,1
2023-05-05 145642,427,164,523,523,639,357,573,350,742,361,808,359,690,446,690,477,638,458,740,462,621,529,754,534,689,513,687,571,542,310,596,287,654,311,730,313,789,293,839,320,509,345,508,393,513,440,522,487,538,531,562,571,594,605,634,633,687,646,738,636,778,610,810,578,836,539,852,497,862,452,868,406,870,357,0.0336428,6.62692,-0.768523,1,1,547,294,119,119,716,301,118,118,639,357,573,350,742,361,808,359,606,353.5,775,360,0.311705,-0.132243,-0.940931,1
2023-05-05 145642,424,162,527,527,639,357,573,350,743,361,809,358,691,447,691,478,639,459,741,463,623,531,755,535,690,514,689,573,542,310,596,287,654,311,730,313,789,293,840,319,509,344,509,393,515,440,524,487,540,531,565,571,597,606,636,634,689,646,739,636,778,610,810,577,835,538,851,496,862,451,868,405,870,356,0.0570126,7.3923,-0.972116,1,1,547,294,119,119,717,300,118,118,639,357,573,350,743,361,809,358,606,353.5,776,359.5,0.310506,-0.121024,-0.942836,1
2023-05-05 145642,423,161,532,532,639,357,573,350,744,360,808,358,691,446,690,477,638,458,741,462,622,531,753,536,690,512,687,576,542,309,596,287,655,311,730,313,790,293,840,319,509,343,509,392,514,439,524,485,539,530,564,570,595,605,634,634,686,647,737,638,776,611,808,578,833,539,850,496,861,451,868,405,869,355,-0.00294209,7.99288,-1.13429,1,1,547,294,119,119,719,302,115,115,639,357,573,350,744,360,808,358,606,353.5,776,359,0.3144,-0.131469,-0.940143,1
2023-05-05 145642,422,161,531,531,639,357,572,350,743,360,808,358,690,447,690,478,638,459,741,463,622,531,754,536,690,514,688,576,541,309,595,287,653,311,730,313,789,293,840,319,508,344,508,392,514,439,523,486,540,530,564,570,596,605,635,634,687,647,738,637,777,610,809,577,834,539,850,496,861,451,868,405,869,356,0.0582333,7.49881,-1.09786,1,1,545,293,121,121,717,301,117,117,639,357,572,350,743,360,808,358,605.5,353.5,775.5,359,0.302401,-0.125519,-0.94488,1
2023-05-05 145642,424,161,529,529,639,357,573,350,742,360,807,357,690,447,690,478,638,459,740,462,623,531,753,536,689,514,687,574,541,309,595,287,653,311,729,313,788,292,839,318,509,344,509,392,515,440,525,486,541,531,565,571,596,605,635,634,687,647,738,637,777,610,810,577,835,538,851,496,861,450,868,404,869,355,0.159409,7.41481,-1.12577,1,1,547,294,119,119,716,300,117,117,639,357,573,350,742,360,807,357,606,353.5,774.5,358.5,0.301694,-0.129951,-0.944507,1
2023-05-05 145642,428,164,522,522,638,358,572,350,741,361,807,358,688,446,688,477,636,458,739,462,620,530,752,535,687,513,685,572,542,310,595,287,653,311,729,313,788,293,838,319,509,345,508,393,513,440,522,487,538,531,562,571,594,605,633,634,685,646,737,636,777,610,810,577,835,539,851,496,861,451,867,405,869,356,0.13254,7.50944,-0.899917,1,1,546,295,119,119,715,300,118,118,638,358,572,350,741,361,807,358,605,354,774,359.5,0.293302,-0.133262,-0.946687,1
2023-05-05 145642,429,165,519,519,639,358,572,350,741,361,806,359,688,446,688,477,636,458,738,462,620,529,751,534,687,513,684,570,543,310,596,288,653,311,729,314,787,294,837,320,509,345,508,393,513,440,522,486,537,531,561,570,593,604,632,632,684,644,736,635,775,609,808,576,833,538,850,496,860,451,866,406,868,357,0.131126,6.42006,-0.827896,1,1,545,294,121,121,715,302,117,117,639,358,572,350,741,361,806,359,605.5,354,773.5,360,0.309114,-0.128867,-0.942254,1
2023-05-05 145642,428,164,519,519,639,358,573,350,742,361,808,359,689,447,689,478,637,459,739,462,621,530,752,534,688,514,685,571,543,309,597,287,654,311,730,314,788,293,838,319,509,344,509,392,513,439,522,486,538,530,562,569,593,604,632,632,685,644,736,634,776,608,808,576,833,538,849,495,860,451,867,405,868,356,0.226404,6.375,-0.47765,1,1,547,295,119,119,716,301,118,118,639,358,573,350,742,361,808,359,606,354,775,360,0.304784,-0.135859,-0.942682,1
2023-05-05 145642,427,163,522,522,639,358,573,350,742,361,807,358,689,446,689,477,637,458,739,462,621,529,752,534,688,513,686,571,543,310,597,288,654,311,729,314,788,293,838,319,510,345,509,393,514,440,522,486,538,531,562,570,594,605,633,633,685,645,737,635,776,609,809,576,834,538,850,495,860,451,867,405,868,356,0.191897,6.13789,-0.746797,1,1,547,295,119,119,716,301,117,117,639,358,573,350,742,361,807,358,606,354,774.5,359.5,0.21505,-0.158588,-0.963641,1
2023-05-05 145642,427,162,524,524,638,358,572,352,741,361,806,358,688,446,689,477,637,459,739,461,621,531,753,534,688,513,686,572,542,312,595,289,653,312,728,314,787,293,837,319,510,347,509,395,514,442,524,488,539,533,563,572,595,606,634,634,687,646,738,636,778,610,811,577,836,538,852,495,862,450,867,404,869,356,0.184739,7.7751,-1.12471,1,1,546,296,119,119,715,301,117,117,638,358,572,352,741,361,806,358,605,355,773.5,359.5,0.0730409,-0.212911,-0.974338,1
2023-05-05 145642,424,161,531,531,638,357,573,351,742,360,807,358,689,444,689,476,638,458,739,461,622,532,752,536,689,512,686,576,542,311,596,288,654,311,729,313,788,293,838,320,511,346,510,394,515,442,525,488,540,533,564,573,596,608,634,636,686,649,737,639,776,612,809,579,834,540,850,497,860,452,867,406,868,357,0.0538011,8.62862,-1.09595,1,1,547,296,117,117,716,301,117,117,638,357,573,351,742,360,807,358,605.5,354,774.5,359,0.0517952,-0.221335,-0.973821,1
2023-05-05 145642,426,160,529,529,637,359,572,353,740,361,805,358,687,446,688,477,636,460,738,462,621,533,751,535,687,513,685,576,541,313,594,290,652,312,727,314,786,293,836,319,511,348,510,396,516,444,525,490,541,534,565,574,596,608,635,636,687,649,738,638,777,611,809,578,834,539,850,496,860,451,866,405,868,356,0.10262,8.95033,-1.33689,1,1,546,298,117,117,714,301,117,117,637,359,572,353,740,361,805,358,604.5,356,772.5,359.5,0.0633122,-0.222695,-0.97283,1
2023-05-05 145642,426,162,528,528,638,359,573,353,741,361,806,359,688,446,689,477,637,460,739,462,622,533,752,536,688,514,686,576,543,313,596,289,653,312,728,314,787,293,837,319,512,349,511,397,517,444,526,490,542,534,566,574,597,608,635,636,687,649,738,638,777,612,810,578,834,539,850,497,861,451,867,405,868,356,0.119024,8.74181,-1.47822,1,1,547,298,117,117,715,302,117,117,638,359,573,353,741,361,806,359,605.5,356,773.5,360,0.070906,-0.203243,-0.976557,1
2023-05-05 145642,426,161,527,527,638,359,573,353,741,361,806,358,688,448,688,479,637,461,738,463,622,533,752,536,688,515,686,573,542,312,595,289,652,312,728,314,787,293,837,319,511,347,511,396,516,443,526,489,541,533,565,573,597,607,635,634,687,646,738,636,777,610,810,577,835,538,851,496,861,451,867,405,869,356,0.143263,7.77021,-1.43038,1,1,547,298,117,117,715,301,117,117,638,359,573,353,741,361,806,358,605.5,356,773.5,359.5,0.0562478,-0.212568,-0.975526,1
2023-05-05 145642,430,164,518,518,640,360,574,352,742,362,807,359,690,448,690,479,638,460,740,463,623,530,754,533,689,515,687,569,543,312,597,289,654,313,729,315,788,294,838,319,511,347,510,395,515,442,525,488,540,532,564,571,596,604,635,632,688,644,739,633,779,607,812,575,836,536,852,494,862,450,868,405,869,356,0.202693,7.38408,-0.856064,1,1,548,297,119,119,716,302,117,117,640,360,574,352,742,362,807,359,607,356,774.5,360.5,0.0548272,-0.21013,-0.976135,1
2023-05-05 145642,429,163,522,522,640,359,574,353,742,362,808,359,690,447,690,478,638,460,740,463,622,530,754,533,689,514,687,568,543,313,596,290,654,313,729,315,788,294,838,320,510,348,510,396,515,442,524,489,539,532,563,572,595,606,635,633,688,645,739,635,780,609,813,577,838,538,853,496,863,451,869,406,870,358,0.12207,8.00764,-0.880419,1,1,548,297,119,119,716,301,118,118,640,359,574,353,742,362,808,359,607,356,775,360.5,0.0450391,-0.2044,-0.977851,1
2023-05-05 145642,431,164,519,519,640,360,574,353,742,362,808,359,690,448,691,479,639,460,741,463,623,531,755,534,690,515,688,570,544,312,597,290,654,313,730,315,788,294,838,320,511,348,510,395,515,442,525,488,540,532,565,572,597,605,636,633,689,645,740,635,780,609,813,576,838,537,853,495,863,450,869,405,870,357,0.158601,8.47778,-0.951185,1,1,548,297,119,119,716,301,118,118,640,360,574,353,742,362,808,359,607,356.5,775,360.5,0.0487469,-0.214044,-0.975607,1
2023-05-05 145642,428,162,523,523,641,359,575,352,743,361,808,359,691,447,691,478,640,459,741,462,624,531,755,535,691,514,689,573,544,311,597,289,655,312,730,314,789,294,839,320,512,347,512,395,517,442,526,488,542,533,566,572,598,606,637,635,690,647,741,637,780,610,812,577,836,539,852,496,862,451,868,406,869,357,0.3933,8.32525,-0.913112,1,1,549,296,119,119,717,302,117,117,641,359,575,352,743,361,808,359,608,355.5,775.5,360,0.0635766,-0.206741,-0.976328,1
2023-05-05 145642,426,161,527,527,641,358,575,351,744,361,809,359,691,448,692,479,640,460,742,463,624,533,755,537,691,515,689,576,544,311,598,288,655,312,731,314,790,294,840,320,512,346,512,395,517,442,527,489,542,533,567,574,598,608,637,637,690,649,740,639,780,612,811,578,836,539,852,497,862,451,868,405,870,356,0.256418,8.36804,-1.11045,1,1,549,295,119,119,718,302,117,117,641,358,575,351,744,361,809,359,608,354.5,776.5,360,0.0624433,-0.206212,-0.976513,1
2023-05-05 145642,427,160,526,526,642,359,575,352,744,361,810,358,692,448,693,478,641,460,743,463,626,533,757,536,693,515,691,577,544,312,598,289,656,312,731,314,790,293,840,319,513,347,514,395,519,443,529,489,545,533,570,573,601,608,640,636,692,648,742,637,781,610,812,577,836,538,852,495,862,450,868,404,870,355,0.553647,8.37446,-1.03135,1,1,548,295,121,121,718,300,118,118,642,359,575,352,744,361,810,358,608.5,355.5,777,359.5,0.0643898,-0.207138,-0.976191,1
2023-05-05 145642,428,161,528,528,642,358,577,351,745,361,809,358,693,446,693,477,642,459,743,462,626,533,755,536,692,513,691,577,546,312,599,288,657,311,732,313,791,293,840,320,514,347,514,395,520,443,529,489,545,534,569,573,601,608,639,636,691,649,741,638,779,612,810,578,834,539,850,497,861,452,867,405,869,357,0.189352,7.99175,-1.12273,1,1,551,296,117,117,720,302,115,115,642,358,577,351,745,361,809,358,609.5,354.5,777,359.5,0.0470556,-0.204162,-0.977806,1
2023-05-05 145642,429,161,525,525,642,358,576,351,744,361,809,358,692,446,692,477,640,459,742,462,625,531,755,534,691,513,689,572,545,311,599,288,656,311,731,313,790,293,840,319,512,346,512,395,517,442,526,488,542,532,566,572,598,606,637,634,690,646,741,636,780,610,812,577,837,538,852,495,862,450,868,405,870,356,0.3269,7.43351,-1.1499,1,1,550,295,119,119,718,301,117,117,642,358,576,351,744,361,809,358,609,354.5,776.5,359.5,0.0470652,-0.199998,-0.978665,1
2023-05-05 145642,432,164,519,519,643,359,576,352,744,361,810,359,693,445,693,477,641,459,743,461,626,531,757,534,693,513,691,571,546,312,599,289,656,312,732,314,790,293,840,319,513,348,512,396,517,442,526,488,542,532,566,572,599,606,638,633,691,645,743,635,782,609,815,576,839,537,855,495,864,450,870,405,871,357,0.119605,6.98995,-0.968338,1,1,549,295,121,121,718,301,118,118,643,359,576,352,744,361,810,359,609.5,355.5,777,360,0.0572704,-0.202443,-0.977618,1
2023-05-05 145642,432,163,518,518,642,359,575,352,744,361,811,358,692,447,692,478,640,459,743,462,625,531,756,534,692,514,690,571,545,312,598,289,656,312,732,314,791,293,841,319,513,347,513,395,519,442,528,488,544,532,568,571,600,604,638,632,691,644,742,634,781,608,814,575,839,537,855,494,865,450,871,404,872,356,0.352233,7.0166,-1.12968,1,1,548,295,121,121,717,299,120,120,642,359,575,352,744,361,811,358,608.5,355.5,777.5,359.5,0.074596,-0.212172,-0.974381,1
2023-05-05 145642,429,164,522,522,642,358,575,351,745,361,810,358,693,446,693,477,641,459,743,462,626,531,758,534,693,513,691,572,544,311,598,288,656,311,732,313,791,293,841,319,513,347,512,395,518,442,527,489,543,533,568,572,600,606,639,634,692,646,743,636,782,610,814,577,839,538,854,496,864,451,870,406,872,357,0.00232887,6.83878,-1.36569,1,1,548,294,121,121,719,301,117,117,642,358,575,351,745,361,810,358,608.5,354.5,777.5,359.5,0.0743738,-0.201219,-0.976719,1
2023-05-05 145642,430,163,522,522,642,358,576,351,745,361,810,358,692,446,692,477,641,459,742,462,625,531,755,535,692,513,690,573,546,310,599,287,657,311,732,313,791,293,840,319,513,345,513,393,518,441,527,487,543,532,567,571,598,606,637,634,690,646,741,636,780,610,812,577,836,538,852,496,862,451,868,405,870,356,0.250866,6.95369,-1.4191,1,1,550,295,119,119,719,301,117,117,642,358,576,351,745,361,810,358,609,354.5,777.5,359.5,0.14926,-0.159416,-0.975863,1
2023-05-05 145642,430,162,524,524,642,358,576,351,744,361,810,359,692,446,692,477,641,459,742,462,625,532,755,536,691,514,689,574,546,310,599,288,657,311,732,314,791,294,840,320,513,345,513,393,518,441,527,487,543,532,567,572,598,606,637,634,689,647,740,637,779,610,811,577,835,538,851,496,861,451,868,405,869,357,0.328646,7.65592,-1.17914,1,1,550,295,119,119,718,301,118,118,642,358,576,351,744,361,810,359,609,354.5,777,360,0.158976,-0.165956,-0.973234,1
2023-05-05 145642,430,160,526,526,642,358,576,351,744,361,809,358,692,447,692,478,640,459,742,462,624,531,754,535,691,514,689,573,546,311,599,288,656,311,732,313,790,293,840,319,513,345,513,394,518,441,527,487,543,532,567,572,598,606,637,634,689,646,740,636,779,610,811,577,836,538,851,496,862,451,868,405,870,356,0.429568,7.65302,-1.16193,1,1,550,295,119,119,718,301,117,117,642,358,576,351,744,361,809,358,609,354.5,776.5,359.5,0.147945,-0.154149,-0.976909,1
2023-05-05 145642,430,162,523,523,642,358,576,350,744,361,809,359,692,446,692,477,640,458,742,462,623,529,755,534,691,513,689,568,546,310,600,287,657,311,732,314,790,294,840,320,511,345,510,393,515,440,524,486,539,531,563,571,595,605,635,632,688,645,739,635,779,610,812,577,837,539,852,497,862,452,868,407,870,358,0.31278,7.77623,-0.893276,1,1,550,295,119,119,718,302,117,117,642,358,576,350,744,361,809,359,609,354,776.5,360,0.153377,-0.156144,-0.975753,1
2023-05-05 145643,432,163,520,520,642,358,576,351,744,361,810,359,692,447,692,478,641,459,742,462,625,529,756,533,692,514,690,567,546,310,599,288,656,312,732,314,790,294,840,320,512,345,512,393,517,440,526,486,541,530,565,570,598,603,637,631,690,643,741,633,781,608,814,575,838,537,854,495,863,451,870,405,871,357,0.196165,7.74934,-0.546166,1,1,550,295,119,119,718,301,118,118,642,358,576,351,744,361,810,359,609,354.5,777,360,0.145539,-0.170381,-0.974571,1
2023-05-05 145643,430,163,522,522,642,357,576,349,745,361,810,359,693,446,692,477,640,458,743,462,623,527,756,532,691,513,689,566,545,309,600,287,657,311,732,314,791,294,841,320,511,344,510,392,514,439,523,485,538,529,562,569,595,603,635,631,689,643,740,634,780,609,813,577,839,539,854,496,864,452,870,406,872,358,0.0156302,7.86736,-0.611243,1,1,550,294,119,119,719,302,117,117,642,357,576,349,745,361,810,359,609,353,777.5,360,0.14932,-0.159469,-0.975845,1
2023-05-05 145643,431,162,519,519,642,358,575,351,744,361,810,358,692,448,692,479,640,459,743,462,624,529,757,532,692,515,690,567,544,310,598,288,655,312,731,314,790,293,841,318,510,345,510,393,515,440,524,486,540,530,565,570,598,604,638,631,691,643,742,633,782,607,815,574,840,536,855,493,865,449,871,404,872,355,0.27753,7.52803,-0.836668,1,1,548,294,121,121,718,300,118,118,642,358,575,351,744,361,810,358,608.5,354.5,777,359.5,0.148993,-0.16883,-0.974319,1
2023-05-05 145643,432,163,518,518,641,358,574,350,744,361,810,358,691,446,691,478,639,458,742,462,623,529,756,533,691,514,689,568,544,310,598,288,655,311,731,314,790,293,841,319,511,345,510,393,515,440,524,486,540,530,564,570,597,603,637,631,690,643,741,634,782,608,815,575,840,537,855,495,865,450,871,405,872,357,0.248176,6.42012,-0.757882,1,1,547,294,121,121,718,300,118,118,641,358,574,350,744,361,810,358,607.5,354,777,359.5,0.138174,-0.159551,-0.977472,1
2023-05-05 145643,433,164,517,517,641,358,575,351,744,361,809,358,691,445,691,477,639,458,742,461,624,529,755,533,691,513,689,568,545,310,598,288,655,311,731,313,790,293,840,319,511,346,510,394,515,440,524,487,540,531,564,570,597,604,636,631,690,643,741,633,782,608,815,575,840,537,856,495,865,450,871,405,873,357,0.182994,6.72333,-0.964184,1,1,549,295,119,119,718,301,117,117,641,358,575,351,744,361,809,358,608,354.5,776.5,359.5,0.14155,-0.150807,-0.978377,1
2023-05-05 145643,432,164,517,517,642,358,575,351,744,361,810,358,692,445,692,476,640,457,743,461,624,528,756,532,692,512,690,568,545,310,599,288,656,311,732,313,790,293,841,319,512,346,511,393,516,440,525,486,540,530,565,570,597,603,637,631,690,643,742,633,782,607,814,575,839,536,855,494,864,450,870,405,872,356,0.241743,6.70316,-0.950712,1,1,548,294,121,121,718,300,118,118,642,358,575,351,744,361,810,358,608.5,354.5,777,359.5,0.144135,-0.160829,-0.976401,1
2023-05-05 145643,433,163,517,517,642,358,575,350,745,361,811,358,692,446,692,477,640,458,743,461,623,528,756,532,691,513,689,567,545,309,599,287,656,311,732,314,791,293,842,319,510,345,509,392,514,439,523,485,539,530,563,569,596,602,636,630,690,642,742,632,782,607,815,574,841,536,856,494,866,450,872,405,874,356,0.288932,6.58346,-1.12607,1,1,548,294,121,121,719,300,118,118,642,358,575,350,745,361,811,358,608.5,354,778,359.5,0.146793,-0.170283,-0.9744,1
2023-05-05 145643,434,163,516,516,641,358,574,351,744,361,810,358,691,445,691,476,639,457,742,460,623,528,756,531,691,512,689,567,544,311,598,288,655,311,731,313,790,293,841,319,511,347,510,394,515,441,524,487,539,531,564,570,597,603,636,630,690,642,742,632,782,606,816,574,841,536,856,494,866,450,872,405,873,356,0.271156,6.53389,-1.09501,1,1,547,294,121,121,718,300,118,118,641,358,574,351,744,361,810,358,607.5,354.5,777,359.5,0.141724,-0.164542,-0.976135,1
2023-05-05 145643,433,162,517,517,642,358,575,351,745,360,811,357,693,446,693,477,640,458,743,461,624,528,757,531,692,513,691,567,544,310,599,288,656,311,732,313,791,293,842,318,510,345,510,393,515,440,524,486,540,530,565,569,598,603,638,630,691,641,743,631,783,605,816,573,841,534,856,492,866,448,872,403,873,355,0.366495,6.59947,-1.05034,1,1,548,294,121,121,719,299,118,118,642,358,575,351,745,360,811,357,608.5,354.5,778,358.5,0.133714,-0.174558,-0.975525,1
2023-05-05 145643,434,164,514,514,642,358,574,350,744,361,811,358,692,446,692,477,640,457,743,461,623,528,757,531,691,513,690,567,544,309,598,288,656,311,732,313,791,293,841,318,510,345,509,393,514,439,523,486,539,530,564,568,596,602,636,629,690,641,742,631,782,606,815,573,840,535,856,493,866,449,872,404,873,356,0.174662,6.4806,-0.890566,1,1,547,293,123,123,717,299,120,120,642,358,574,350,744,361,811,358,608,354,777.5,359.5,0.1402,-0.175947,-0.974365,1
2023-05-05 145643,433,162,517,517,642,358,574,351,744,361,811,358,692,446,692,477,640,458,743,461,623,528,757,531,692,513,689,567,544,310,599,288,656,312,732,314,791,293,841,318,510,345,509,393,514,440,523,486,539,530,564,569,596,602,636,630,690,642,742,632,782,606,815,574,841,535,856,493,866,449,872,404,873,356,0.391683,6.22605,-0.915168,1,1,547,293,123,123,717,299,120,120,642,358,574,351,744,361,811,358,608,354.5,777.5,359.5,0.134176,-0.177478,-0.974935,1
2023-05-05 145643,434,164,514,514,641,359,574,352,744,362,810,359,691,446,691,477,639,458,742,461,622,528,756,531,691,513,688,568,545,312,599,290,655,313,731,315,790,294,840,319,510,347,509,394,514,441,523,486,538,530,563,569,596,602,636,629,689,642,741,632,782,606,815,574,840,536,856,494,865,450,871,405,872,357,0.314861,6.04924,-0.620079,1,1,547,295,121,121,718,301,118,118,641,359,574,352,744,362,810,359,607.5,355.5,777,360.5,0.0477583,-0.233148,-0.971268,1
2023-05-05 145643,432,162,515,515,642,360,574,352,744,362,812,359,692,448,692,478,639,459,743,462,622,529,756,532,691,514,689,569,544,311,599,289,656,313,732,315,791,294,842,319,510,346,509,394,514,440,523,486,539,530,564,569,596,602,636,629,689,641,741,631,781,606,814,574,840,536,856,494,866,450,872,405,874,357,0.493237,5.55547,-0.148521,1,1,547,295,123,123,717,299,122,122,642,360,574,352,744,362,812,359,608,356,778,360.5,0.0364385,-0.238398,-0.970484,1
2023-05-05 145643,433,163,515,515,642,359,574,352,744,361,811,358,692,446,692,477,639,458,743,461,623,528,757,531,691,513,689,569,544,311,598,289,655,312,732,314,790,293,841,318,510,346,509,394,514,440,523,486,539,530,564,569,597,603,636,630,690,642,742,632,782,606,815,574,840,535,856,493,865,449,871,404,872,356,0.350642,6.59334,-0.759922,1,1,547,294,123,123,717,299,120,120,642,359,574,352,744,361,811,358,608,355.5,777.5,359.5,0.0367012,-0.229455,-0.972627,1
2023-05-05 145643,433,164,516,516,642,359,575,352,744,361,810,359,692,445,692,476,639,457,743,460,623,529,756,532,691,512,689,569,545,312,598,289,656,312,731,314,790,294,840,319,511,347,510,395,515,441,524,487,539,531,564,570,597,604,636,631,690,643,742,633,782,607,815,575,840,537,856,495,865,450,871,405,872,357,0.24073,6.11997,-0.670547,1,1,548,295,121,121,718,301,118,118,642,359,575,352,744,361,810,359,608.5,355.5,777,360,0.0265599,-0.224724,-0.97406,1
2023-05-05 145643,432,163,517,517,641,359,574,352,744,361,810,358,692,446,692,477,640,458,743,461,624,530,756,532,691,513,690,569,544,312,598,289,655,312,731,314,790,293,840,318,510,348,510,395,515,442,524,488,540,531,565,570,597,604,637,631,690,643,742,633,782,607,815,574,840,536,856,494,865,450,871,405,872,356,0.234301,6.71625,-0.838353,1,1,547,295,121,121,718,300,118,118,641,359,574,352,744,361,810,358,607.5,355.5,777,359.5,0.0355832,-0.22991,-0.972561,1
2023-05-05 145643,432,163,517,517,642,359,575,352,744,361,810,359,692,445,693,476,640,458,743,461,625,529,757,532,692,512,690,570,545,312,599,289,656,312,732,314,790,294,840,319,512,347,512,395,517,441,526,487,542,531,566,569,598,603,638,630,691,642,742,632,782,606,814,574,839,536,855,494,864,450,870,405,872,357,0.303208,5.66397,-0.902824,1,1,548,295,121,121,718,301,118,118,642,359,575,352,744,361,810,359,608.5,355.5,777,360,0.0384087,-0.217846,-0.975227,1
2023-05-05 145643,433,163,514,514,642,359,574,351,745,362,811,358,692,447,692,477,640,458,743,461,624,529,756,532,691,513,689,570,545,310,599,288,656,312,732,314,791,293,841,319,511,345,510,393,515,440,525,485,540,529,565,568,597,601,637,629,690,641,741,631,781,606,814,573,839,535,855,494,865,449,871,405,873,356,0.510285,5.93148,-0.933936,1,1,547,294,123,123,719,301,119,119,642,359,574,351,745,362,811,358,608,355,778,360,0.055855,-0.232422,-0.97101,1
2023-05-05 145643,434,165,513,513,642,360,575,352,744,362,811,359,692,446,693,477,640,459,743,461,625,530,757,532,692,513,690,569,545,311,599,289,656,312,732,314,790,294,840,319,511,348,511,395,516,441,525,487,541,530,566,569,598,602,638,629,691,641,742,631,782,605,815,573,840,535,856,493,866,449,872,405,873,357,0.378342,5.67586,-0.909363,1,1,548,296,121,121,717,300,120,120,642,360,575,352,744,362,811,359,608.5,356,777.5,360.5,0.0616911,-0.227875,-0.971734,1
2023-05-05 145643,434,163,514,514,642,359,575,352,744,361,811,358,693,446,693,477,640,458,743,461,624,529,756,532,692,513,690,569,545,311,599,289,656,312,732,314,791,294,841,319,510,347,510,394,515,441,524,486,540,530,565,569,598,602,637,629,691,641,742,631,781,605,814,573,839,535,854,493,864,449,870,404,872,356,0.611855,6.59997,-0.926035,1,1,548,295,121,121,717,299,120,120,642,359,575,352,744,361,811,358,608.5,355.5,777.5,359.5,0.0546217,-0.226752,-0.97242,1
2023-05-05 145643,432,163,516,516,642,359,575,352,744,361,810,358,692,446,692,477,640,458,742,461,624,530,756,533,691,513,689,570,545,311,598,289,655,312,731,314,790,293,840,319,512,347,511,395,516,441,526,487,541,531,566,570,598,603,637,631,690,642,741,632,781,607,814,574,839,536,854,494,864,450,870,405,872,356,0.456368,6.23423,-0.886909,1,1,548,295,121,121,718,300,118,118,642,359,575,352,744,361,810,358,608.5,355.5,777,359.5,0.0691512,-0.220336,-0.97297,1
2023-05-05 145643,432,163,518,518,641,359,575,352,743,361,808,358,690,446,690,477,639,459,741,461,623,530,754,533,690,513,687,570,545,312,598,289,655,312,730,314,789,293,839,319,512,347,511,395,516,441,525,487,541,531,565,570,596,603,635,631,688,643,739,633,779,607,812,575,837,536,853,494,863,450,869,404,871,356,0.379997,6.72385,-0.880949,1,1,549,296,119,119,717,301,117,117,641,359,575,352,743,361,808,358,608,355.5,775.5,359.5,0.0660865,-0.218317,-0.973638,1
2023-05-05 145643,430,163,518,518,641,359,574,351,743,361,809,358,691,447,691,478,639,459,741,462,622,529,755,533,690,514,688,569,544,310,598,288,655,312,731,314,790,294,840,319,511,346,510,394,515,440,524,486,539,530,564,569,596,603,635,631,688,643,739,633,779,607,812,575,837,537,853,495,863,450,869,405,871,356,0.35107,7.30038,-0.858562,1,1,547,295,121,121,717,300,118,118,641,359,574,351,743,361,809,358,607.5,355,776,359.5,0.068807,-0.227282,-0.971395,1
2023-05-05 145643,429,161,522,522,641,359,574,352,743,361,809,359,691,447,691,478,639,459,741,462,622,529,755,532,690,514,687,568,544,312,597,289,655,312,731,314,790,294,840,319,511,347,510,394,515,441,524,487,539,531,563,570,595,603,635,631,688,643,739,633,779,608,812,575,837,537,853,495,863,450,870,405,871,356,0.192348,8.14996,-0.799059,1,1,547,295,121,121,717,301,118,118,641,359,574,352,743,361,809,359,607.5,355.5,776,360,0.0722376,-0.217418,-0.973402,1
2023-05-05 145643,430,161,522,522,640,359,574,352,742,361,807,358,689,446,690,477,638,459,740,461,622,529,754,532,689,513,687,568,543,312,597,289,653,313,729,314,787,294,838,319,511,347,510,395,516,441,525,487,540,531,564,570,596,604,636,631,688,643,740,633,780,608,813,575,838,536,853,494,863,449,868,404,870,356,0.266804,8.0451,-0.858173,1,1,548,296,119,119,716,301,117,117,640,359,574,352,742,361,807,358,607,355.5,774.5,359.5,0.133951,-0.205413,-0.969465,1
2023-05-05 145643,431,161,522,522,640,358,574,351,742,360,808,358,690,446,690,477,639,458,740,461,622,529,754,532,689,513,687,569,544,312,598,289,655,312,730,314,788,293,839,319,511,346,511,394,516,441,525,487,540,531,564,570,596,604,635,631,688,643,739,633,779,607,811,575,836,536,852,494,862,449,868,404,870,355,0.26184,9.05721,-0.947039,1,1,548,295,119,119,716,300,118,118,640,358,574,351,742,360,808,358,607,354.5,775,359,0.234078,-0.1777,-0.95584,1
2023-05-05 145643,431,162,519,519,641,358,574,351,743,361,809,358,691,447,691,478,639,459,741,462,623,530,754,534,690,514,688,570,545,310,598,288,655,312,731,314,790,293,840,319,512,345,511,393,516,440,525,486,541,531,565,570,596,604,635,632,688,644,739,634,779,608,812,576,837,537,853,495,863,450,869,405,871,356,0.359918,7.68201,-0.847271,1,1,547,294,121,121,717,300,118,118,641,358,574,351,743,361,809,358,607.5,354.5,776,359.5,0.260067,-0.155821,-0.952935,1
2023-05-05 145643,431,163,520,520,641,358,575,350,743,361,808,359,690,445,690,477,638,458,740,461,622,529,753,533,689,513,686,569,545,310,599,288,655,311,730,314,789,294,839,320,512,345,511,393,515,439,524,486,539,530,563,570,595,604,634,632,687,644,738,635,778,609,811,577,837,538,852,496,862,451,869,405,870,357,0.328995,6.1917,-0.708262,1,1,549,295,119,119,717,302,117,117,641,358,575,350,743,361,808,359,608,354,775.5,360,0.264416,-0.127565,-0.955935,1
2023-05-05 145643,427,160,525,525,641,357,574,350,743,360,809,358,690,445,690,477,639,458,740,461,622,529,754,533,689,513,687,569,544,309,598,286,655,310,730,312,789,292,840,319,512,344,511,392,515,439,524,486,539,530,563,570,595,604,634,632,687,645,738,635,778,609,811,577,836,538,852,496,862,451,868,405,870,356,0.29797,7.27181,-0.597847,1,1,547,293,121,121,717,300,118,118,641,357,574,350,743,360,809,358,607.5,353.5,776,359,0.263835,-0.154311,-0.952145,1
2023-05-05 145643,431,163,520,520,641,357,575,350,743,360,808,358,690,446,690,477,638,458,740,461,622,529,753,533,689,513,686,570,546,309,599,287,656,311,731,314,789,294,839,319,513,344,512,392,516,439,525,485,540,530,564,569,595,604,634,632,686,645,738,635,778,609,811,576,837,538,853,495,863,450,869,405,871,356,0.299438,6.26196,-0.906868,1,1,549,294,119,119,717,301,117,117,641,357,575,350,743,360,808,358,608,353.5,775.5,359,0.292138,-0.12777,-0.947803,1
2023-05-05 145644,428,163,524,524,641,357,574,350,744,361,809,359,691,446,690,477,638,458,741,462,621,530,753,535,689,513,686,571,544,309,598,287,656,310,732,313,791,293,840,320,511,344,510,393,514,440,523,487,538,531,562,571,594,605,633,633,686,646,737,636,777,611,810,578,835,540,851,497,862,452,868,406,870,357,0.182899,7.2943,-0.752393,1,1,547,293,121,121,718,302,117,117,641,357,574,350,744,361,809,359,607.5,353.5,776.5,360,0.272518,-0.127491,-0.953667,1
2023-05-05 145644,428,163,523,523,641,358,574,351,743,361,809,359,690,446,690,478,638,459,740,462,622,531,753,535,689,514,686,571,544,310,598,287,655,311,731,313,790,293,840,320,511,345,510,393,514,440,523,487,538,532,562,571,594,605,633,633,686,646,737,636,777,610,810,578,835,539,851,497,862,452,868,406,870,357,0.258307,6.60308,-0.989091,1,1,547,294,121,121,717,301,118,118,641,358,574,351,743,361,809,359,607.5,354.5,776,360,0.273523,-0.137759,-0.951949,1
2023-05-05 145644,426,161,527,527,640,357,574,349,743,360,808,358,690,446,690,477,638,458,740,462,622,530,752,534,689,513,686,572,543,309,597,287,655,311,730,313,789,293,839,319,511,343,510,391,515,439,524,485,539,530,563,570,595,604,634,633,686,646,737,636,776,610,809,577,834,538,850,496,861,451,867,405,869,356,0.216733,7.94012,-0.673532,1,1,548,294,119,119,717,301,117,117,640,357,574,349,743,360,808,358,607,353,775.5,359,0.273667,-0.143735,-0.951024,1
2023-05-05 145644,428,162,525,525,640,357,574,350,743,361,808,359,690,445,689,477,638,458,740,461,621,530,752,534,688,513,686,572,543,310,597,287,655,311,730,313,789,293,839,320,510,345,510,393,514,440,523,487,538,532,562,571,594,606,633,634,685,646,737,637,776,611,809,578,834,539,850,497,861,452,867,406,869,357,0.339847,7.01162,-0.661584,1,1,548,294,119,119,717,302,117,117,640,357,574,350,743,361,808,359,607,353.5,775.5,360,0.31181,-0.118691,-0.942702,1
2023-05-05 145644,430,162,522,522,640,358,574,351,742,361,808,358,689,446,689,477,637,458,740,462,621,529,753,533,688,513,686,570,544,310,597,288,654,311,730,313,789,293,839,319,511,345,510,393,515,440,523,486,539,531,563,570,594,604,633,632,686,645,737,635,778,609,811,577,836,538,852,496,862,451,869,405,871,356,0.3035,7.54707,-0.777146,1,1,548,295,119,119,716,300,118,118,640,358,574,351,742,361,808,358,607,354.5,775,359.5,0.297921,-0.140211,-0.944237,1
2023-05-05 145644,429,163,520,520,641,358,574,351,743,361,809,358,691,447,691,478,639,459,741,462,622,529,755,533,690,514,688,568,543,310,597,288,655,312,731,314,789,293,840,319,510,345,509,393,514,440,523,486,539,531,563,570,595,604,635,632,688,644,739,634,779,608,812,575,837,537,853,495,863,450,869,405,871,356,0.272208,7.46827,-0.35418,1,1,547,294,121,121,717,300,118,118,641,358,574,351,743,361,809,358,607.5,354.5,776,359.5,0.28355,-0.148774,-0.947347,1
2023-05-05 145644,428,162,523,523,640,357,574,350,743,361,809,358,690,447,690,478,638,458,740,462,621,528,754,533,689,514,686,567,543,309,598,287,655,311,731,314,790,294,840,320,510,344,509,392,514,438,522,485,537,529,562,569,594,603,633,631,686,643,738,634,778,609,811,576,837,538,852,496,863,451,869,405,871,357,0.265738,7.05693,-0.41528,1,1,548,294,119,119,717,300,118,118,640,357,574,350,743,361,809,358,607,353.5,776,359.5,0.300736,-0.138404,-0.943611,1
2023-05-05 145644,429,162,523,523,640,357,574,350,743,360,808,358,690,445,689,477,638,457,739,461,620,528,752,533,688,513,685,569,545,310,598,287,655,311,731,313,790,293,840,320,511,344,510,392,514,439,523,486,537,530,561,570,593,604,632,632,685,645,736,635,776,610,809,577,835,539,851,496,861,451,868,406,870,357,0.336673,7.00176,-0.491436,1,1,548,294,119,119,717,301,117,117,640,357,574,350,743,360,808,358,607,353.5,775.5,359,0.307793,-0.127207,-0.942911,1
2023-05-05 145644,428,161,525,525,640,357,574,350,743,360,808,358,690,445,689,477,638,458,740,461,621,530,752,534,688,513,686,571,544,310,598,287,655,310,730,313,790,292,840,319,510,344,509,392,514,440,523,487,538,531,562,571,594,606,633,634,686,646,737,636,777,610,810,577,835,538,851,496,861,451,868,405,870,356,0.328485,6.97379,-0.630814,1,1,548,294,119,119,717,301,117,117,640,357,574,350,743,360,808,358,607,353.5,775.5,359,0.322047,-0.124252,-0.938534,1
2023-05-05 145644,427,161,526,526,641,357,574,349,743,360,809,358,691,446,690,477,638,458,740,462,621,530,752,535,689,513,686,572,544,309,598,287,656,311,731,313,791,293,840,320,511,343,510,391,514,439,523,485,538,530,562,570,594,605,632,634,685,646,736,637,776,611,808,578,834,539,850,497,861,452,867,405,869,356,0.419892,7.11583,-0.651183,1,1,547,293,121,121,717,300,118,118,641,357,574,349,743,360,809,358,607.5,353,776,359,0.34197,-0.126492,-0.931159,1
2023-05-05 145644,428,161,526,526,641,357,575,350,744,360,809,358,691,445,690,476,639,458,740,461,621,530,752,534,689,512,686,572,545,310,599,287,656,310,732,313,791,293,841,320,512,344,511,393,515,440,524,487,539,531,563,571,594,606,633,634,685,647,736,637,776,611,808,578,833,539,850,497,860,452,867,406,869,357,0.397029,7.14423,-0.789585,1,1,549,294,119,119,718,301,117,117,641,357,575,350,744,360,809,358,608,353.5,776.5,359,0.341658,-0.111525,-0.933184,1
2023-05-05 145644,430,159,525,525,641,357,575,350,744,360,810,357,691,447,691,477,639,458,741,461,622,530,753,534,689,513,687,572,545,309,599,287,656,310,732,313,791,292,841,318,513,343,512,392,517,439,526,486,541,530,565,570,596,604,635,632,687,645,738,635,778,608,810,575,835,537,852,494,862,449,869,403,871,354,0.50529,6.63048,-1.00909,1,1,549,294,119,119,718,299,118,118,641,357,575,350,744,360,810,357,608,353.5,777,358.5,0.339756,-0.123642,-0.932351,1
2023-05-05 145644,432,163,519,519,644,357,577,349,746,360,812,358,693,447,693,478,641,458,744,462,625,529,756,533,692,514,689,569,547,308,601,286,658,310,734,313,793,293,843,319,514,342,513,390,518,438,526,484,541,529,566,568,597,603,636,631,689,643,740,634,780,608,813,575,838,537,854,495,865,450,871,405,873,356,0.289014,7.16644,-0.470449,1,1,550,293,121,121,720,300,118,118,644,357,577,349,746,360,812,358,610.5,353,779,359,0.342621,-0.129015,-0.930573,1
2023-05-05 145644,437,156,527,527,646,357,580,350,748,361,814,358,695,447,695,478,643,459,745,462,626,529,758,533,694,514,691,569,550,309,604,287,661,311,736,314,795,293,846,319,516,344,516,392,521,439,530,486,545,530,569,569,601,603,640,631,692,644,743,634,783,608,816,576,842,538,858,496,868,451,875,405,877,356,0.670957,7.41391,-0.978037,1,1,554,294,119,119,722,300,118,118,646,357,580,350,748,361,814,358,613,353.5,781,359.5,0.355634,-0.135967,-0.924682,1
2023-05-05 145644,441,157,522,522,651,357,583,349,753,361,820,358,700,449,700,479,647,459,751,463,630,529,763,533,698,516,696,568,554,308,608,286,665,311,742,313,801,292,851,318,518,343,518,391,522,438,531,485,547,529,571,568,603,602,643,629,696,641,747,632,787,606,820,574,845,536,861,494,872,450,879,404,881,355,0.683784,7.65381,-0.378372,1,1,556,292,123,123,726,299,120,120,651,357,583,349,753,361,820,358,617,353,786.5,359.5,0.334692,-0.127382,-0.933678,1
2023-05-05 145644,448,160,516,516,653,356,586,347,755,360,821,358,702,447,701,478,649,457,751,462,632,527,763,532,699,514,697,567,557,306,611,285,668,309,744,313,803,293,853,319,523,340,522,389,527,436,536,482,551,527,575,566,606,600,644,628,696,641,747,632,786,607,819,575,844,537,861,495,871,451,878,405,881,357,0.856831,6.67101,-0.620444,1,1,559,291,121,121,729,300,118,118,653,356,586,347,755,360,821,358,619.5,351.5,788,359,0.339132,-0.109312,-0.934366,1
2023-05-05 145644,440,155,534,534,656,353,591,346,760,357,824,356,708,443,706,474,655,455,756,459,637,526,768,531,705,510,702,566,560,306,615,283,673,308,747,311,807,291,856,318,525,340,524,388,529,435,537,482,552,527,577,567,609,602,648,630,701,642,751,633,790,607,822,575,847,536,863,494,874,449,881,404,883,355,0.371445,6.43967,-0.289643,1,1,565,291,117,117,735,299,115,115,656,353,591,346,760,357,824,356,623.5,349.5,792,356.5,0.339941,-0.119481,-0.932826,1
2023-05-05 145644,442,155,539,539,660,352,596,345,764,357,827,357,712,440,710,472,659,453,760,459,641,524,771,532,709,508,705,566,565,305,620,283,679,307,752,311,811,293,860,320,528,338,527,386,531,434,540,480,554,525,579,566,611,601,651,630,703,642,754,634,793,609,825,576,850,538,866,496,877,451,884,405,886,357,0.41881,7.04592,0.0817306,1,1,571,291,115,115,739,301,113,113,660,352,596,345,764,357,827,357,628,348.5,795.5,357,0.336291,-0.116743,-0.934494,1
2023-05-05 145644,446,153,539,539,665,351,600,343,768,356,832,356,716,440,714,471,663,452,764,458,643,523,774,530,712,507,708,564,569,304,625,282,683,307,757,311,816,292,865,319,532,337,531,385,535,433,543,480,557,524,581,565,614,601,654,629,706,642,757,633,796,608,829,575,854,537,870,495,881,450,888,404,891,356,0.413378,7.17268,0.333971,1,1,574,289,117,117,743,299,115,115,665,351,600,343,768,356,832,356,632.5,347,800,356,0.330239,-0.130624,-0.934815,1
2023-05-05 145644,453,154,531,531,669,352,604,344,772,357,836,356,721,441,719,472,667,453,768,458,649,523,779,530,717,508,714,564,573,304,629,282,687,306,761,310,820,292,869,319,536,337,535,385,539,433,548,480,563,524,587,564,619,599,659,627,712,639,762,630,800,605,832,573,857,535,873,493,884,449,891,404,894,356,0.5387,6.22148,0.155899,1,1,578,290,117,117,747,299,115,115,669,352,604,344,772,357,836,356,636.5,348,804,356.5,0.306678,-0.132181,-0.94259,1
2023-05-05 145644,457,153,528,528,674,352,607,343,776,358,842,357,726,443,723,474,671,453,773,459,650,523,782,530,721,510,717,564,577,303,633,281,691,306,767,311,826,292,874,320,539,336,537,385,541,433,549,480,564,525,588,564,621,598,661,626,714,639,764,629,802,604,834,573,858,535,875,494,886,450,893,405,897,357,0.885858,6.40548,1.86814,1,1,580,287,121,121,750,298,118,118,674,352,607,343,776,358,842,357,640.5,347.5,809,357.5,0.268223,-0.136135,-0.953689,1
2023-05-05 145644,461,153,526,526,678,353,610,344,779,359,845,357,729,443,726,474,673,453,776,459,653,523,786,530,724,510,720,564,581,303,637,281,695,307,771,311,829,293,877,319,540,337,538,385,542,433,550,480,565,525,589,565,622,599,663,627,717,639,767,630,806,604,838,573,863,535,879,494,890,450,897,405,900,357,1.01207,6.09475,2.29839,1,1,583,287,123,123,753,299,118,118,678,353,610,344,779,359,845,357,644,348.5,812,358,0.259495,-0.140879,-0.955414,1
2023-05-05 145644,465,156,522,522,680,353,611,343,781,359,848,358,731,444,728,474,675,453,778,459,655,523,788,531,726,510,722,565,582,302,639,280,697,306,773,311,832,293,879,320,543,335,541,384,545,432,553,479,568,524,592,564,625,599,665,627,719,640,769,630,807,605,839,574,864,536,880,495,891,451,899,406,902,358,0.940366,4.8893,2.37354,1,1,583,286,125,125,754,298,120,120,680,353,611,343,781,359,848,358,645.5,348,814.5,358.5,0.25581,-0.132601,-0.95759,1
2023-05-05 145644,469,157,518,518,682,354,614,344,784,360,850,359,734,445,731,475,678,454,781,460,657,523,790,531,728,511,725,565,585,302,642,281,699,307,776,312,834,294,881,320,544,336,542,385,545,433,553,480,568,525,593,565,626,599,667,627,721,639,771,630,809,605,841,574,866,537,882,495,893,451,900,407,903,359,1.37314,4.91499,2.49359,1,1,587,288,123,123,758,300,118,118,682,354,614,344,784,360,850,359,648,349,817,359.5,0.270115,-0.117603,-0.955619,1
2023-05-05 145644,470,156,519,519,685,354,615,344,787,360,854,359,737,445,734,476,680,454,784,460,659,524,793,532,731,512,728,567,586,302,644,280,702,306,780,311,838,293,885,320,544,336,542,385,546,434,554,481,570,526,595,566,628,600,669,627,724,640,774,630,812,605,843,574,867,537,884,496,895,452,903,407,906,359,1.57815,5.13841,2.80652,1,1,587,286,127,127,760,299,120,120,685,354,615,344,787,360,854,359,650,349,820.5,359.5,0.265185,-0.126894,-0.955811,1
2023-05-05 145644,472,154,520,520,687,354,618,344,788,360,854,359,740,445,736,476,683,455,786,461,663,525,795,532,734,512,731,566,589,303,646,282,704,308,780,313,838,294,885,320,546,337,545,386,549,434,557,482,573,527,598,566,632,600,673,628,728,640,777,630,815,604,846,573,870,536,885,494,896,451,903,407,906,359,1.57878,6.74055,3.00191,1,1,590,287,125,125,762,300,118,118,687,354,618,344,788,360,854,359,652.5,349,821,359.5,0.261004,-0.131566,-0.95633,1
2023-05-05 145644,472,153,525,525,689,353,620,343,791,360,857,359,741,445,738,475,684,454,788,460,663,524,796,532,735,512,731,566,591,302,649,280,707,306,784,312,842,294,888,320,549,336,547,385,550,434,558,481,573,527,598,567,631,600,672,628,727,641,777,631,814,606,846,574,870,537,886,496,898,452,905,407,909,359,1.39235,7.14387,3.21167,1,1,592,286,125,125,765,300,118,118,689,353,620,343,791,360,857,359,654.5,348,824,359.5,0.251219,-0.139071,-0.957887,1
2023-05-05 145644,470,153,532,532,691,353,622,342,794,360,859,361,746,445,741,475,687,454,790,461,666,524,798,533,738,512,734,566,593,301,652,279,710,306,787,313,845,295,891,323,548,334,545,384,549,433,557,481,572,527,598,567,632,601,674,629,729,641,779,632,816,607,847,575,871,538,887,497,898,454,906,409,910,362,1.78456,5.37038,2.61909,1,1,594,285,125,125,768,302,117,117,691,353,622,342,794,360,859,361,656.5,347.5,826.5,360.5,0.256453,-0.133686,-0.957267,1
2023-05-05 145644,472,154,532,532,694,354,626,344,795,362,860,362,747,447,743,477,690,456,792,463,668,526,800,535,740,514,736,568,597,302,655,281,713,308,788,314,845,297,891,323,550,335,548,384,551,433,559,481,574,527,600,568,634,602,676,630,731,643,781,633,818,607,848,576,872,538,888,497,899,454,907,410,910,362,1.73789,8.38554,2.76007,1,1,599,288,123,123,769,304,117,117,694,354,626,344,795,362,860,362,660,349,827.5,362,0.30792,-0.311087,-0.899116,1
2023-05-05 145644,472,152,533,533,693,356,624,345,795,364,861,365,746,448,742,479,688,456,791,464,666,526,799,536,739,514,734,569,595,303,654,283,712,310,789,317,847,300,892,327,551,336,548,385,551,434,559,481,574,527,599,567,633,601,674,629,729,642,779,633,816,608,847,577,871,541,888,500,900,457,908,413,912,366,2.45545,8.83585,3.90798,0,1,596,288,125,125,769,305,118,118,693,356,624,345,795,364,861,365,658.5,350.5,828,364.5,0,0,0,1
2023-05-05 145645,470,154,532,532,694,356,625,345,795,365,861,366,748,448,743,478,689,456,792,465,666,526,799,537,739,515,735,569,596,303,655,282,713,309,790,317,848,301,892,328,549,336,546,386,549,435,556,484,571,530,597,570,631,604,673,632,729,644,778,635,815,610,845,579,869,543,885,502,897,459,905,415,909,368,2.54826,6.85365,3.75571,1,1,597,288,125,125,769,306,118,118,694,356,625,345,795,365,861,366,659.5,350.5,828,365.5,0.267803,-0.304535,-0.914079,1
2023-05-05 145645,471,155,524,524,692,357,622,346,793,365,859,365,745,450,740,481,686,458,789,466,663,527,797,536,736,517,732,568,594,304,653,284,711,311,788,318,846,301,891,327,547,337,545,387,548,436,555,484,570,530,596,570,630,603,672,631,727,643,776,633,813,608,844,577,868,541,884,500,896,457,904,414,908,366,2.62112,4.98968,4.97865,1,1,594,288,127,127,767,306,118,118,692,357,622,346,793,365,859,365,657,351.5,826,365,0.216193,-0.243899,-0.945396,1
2023-05-05 145645,468,156,522,522,689,358,619,347,791,365,857,364,742,450,738,481,684,459,788,466,661,528,795,536,735,517,731,569,590,305,649,283,708,310,785,317,843,299,888,325,543,339,541,389,544,438,552,486,568,532,594,572,628,605,671,632,726,643,776,633,812,608,843,576,867,540,883,499,894,456,902,412,906,365,3.313,4.36405,4.61281,1,1,591,289,127,127,765,305,118,118,689,358,619,347,791,365,857,364,654,352.5,824,364.5,0.193357,-0.188252,-0.962899,1
2023-05-05 145645,466,156,522,522,685,358,616,347,787,364,853,364,739,450,734,481,680,460,784,466,658,529,792,536,731,517,728,568,586,305,646,284,704,310,781,317,839,298,885,325,540,339,538,389,542,438,549,486,565,532,591,571,625,604,668,631,723,642,772,632,809,607,840,576,864,539,880,498,891,455,899,411,903,364,2.75991,5.64598,4.27634,1,1,588,290,125,125,761,305,118,118,685,358,616,347,787,364,853,364,650.5,352.5,820,364,0.180553,-0.191018,-0.964838,1
2023-05-05 145645,461,155,526,526,681,358,611,347,782,364,849,363,734,450,730,481,676,459,780,465,654,528,788,536,727,517,723,569,582,305,641,284,699,311,776,316,834,298,880,324,537,339,535,389,539,438,547,485,562,531,588,571,622,604,663,631,719,643,768,633,805,608,837,576,861,539,877,498,888,455,896,411,900,363,2.19463,5.24746,3.45549,1,1,583,289,127,127,755,303,120,120,681,358,611,347,782,364,849,363,646,352.5,815.5,363.5,0.170873,-0.176464,-0.969362,1
2023-05-05 145645,455,153,528,528,676,357,606,348,779,363,846,361,730,451,726,481,672,460,776,465,650,529,785,535,723,518,720,569,577,306,636,285,694,311,772,316,830,296,877,322,532,340,530,389,534,438,542,486,558,531,584,571,618,604,660,632,716,643,766,633,804,607,835,575,860,538,876,497,887,453,895,408,899,360,2.02995,5.55436,3.09991,1,1,578,289,127,127,752,302,120,120,676,357,606,348,779,363,846,361,641,352.5,812.5,362,0.166706,-0.160967,-0.972779,1
2023-05-05 145645,446,153,537,537,670,356,601,347,774,362,841,362,724,449,721,480,667,459,771,465,646,528,780,536,718,516,715,568,571,305,629,283,689,309,766,315,826,296,873,323,528,339,526,389,530,437,539,485,554,530,580,570,614,604,656,631,711,643,761,634,798,608,830,577,855,540,871,498,883,454,891,410,894,361,1.99751,6.42847,2.02315,1,1,573,289,125,125,747,302,120,120,670,356,601,347,774,362,841,362,635.5,351.5,807.5,362,0.1765,-0.159276,-0.971328,1
2023-05-05 145645,444,154,533,533,665,356,596,347,769,361,836,360,719,448,716,480,662,459,766,464,642,529,776,535,714,516,710,568,566,306,624,283,683,309,760,313,819,294,867,321,524,340,523,390,527,438,535,486,551,532,577,572,611,605,652,633,707,644,758,634,796,609,828,577,852,539,869,497,880,453,887,408,890,359,1.53755,6.42896,1.47164,1,1,568,289,125,125,742,300,120,120,665,356,596,347,769,361,836,360,630.5,351.5,802.5,360.5,0.175473,-0.170623,-0.969586,1
2023-05-05 145645,450,159,516,516,661,359,592,350,763,363,831,361,715,449,712,480,658,460,762,464,638,529,772,535,710,517,707,568,562,308,619,285,678,310,755,314,814,294,861,320,520,344,519,393,523,441,532,488,548,533,574,571,608,604,649,630,704,642,754,631,792,606,823,575,848,538,864,496,874,453,881,408,884,360,1.6024,6.58627,1.28934,1,1,564,292,125,125,736,301,122,122,661,359,592,350,763,363,831,361,626.5,354.5,797,362,0.180504,-0.142056,-0.973262,1
2023-05-05 145645,435,160,522,522,655,357,587,349,759,360,825,358,709,447,707,478,654,459,757,462,636,529,769,533,706,515,704,567,555,308,612,285,671,309,748,312,807,292,856,318,516,345,516,393,521,441,530,488,546,532,572,571,606,605,647,631,702,643,752,632,790,606,821,573,845,535,860,494,871,449,878,405,880,356,2.26099,4.93178,0.0581737,1,1,560,292,123,123,733,300,118,118,655,357,587,349,759,360,825,358,621,353,792,359,0.0657068,-0.211222,-0.975227,1
2023-05-05 145645,432,159,519,519,649,358,580,350,753,361,821,358,703,449,702,480,648,461,752,463,631,530,766,533,701,517,699,568,549,308,605,286,664,310,742,313,801,292,851,317,511,345,510,394,516,441,525,487,541,532,567,571,602,604,643,631,699,642,750,632,789,605,821,572,845,534,861,493,871,448,877,404,879,355,1.75449,6.05039,0.549092,1,1,552,292,125,125,726,298,122,122,649,358,580,350,753,361,821,358,614.5,354,787,359.5,0.0348136,-0.241347,-0.969814,1
2023-05-05 145645,429,159,523,523,644,358,576,351,747,360,813,357,697,446,697,478,644,460,746,462,627,529,760,532,696,515,695,565,545,310,600,287,658,310,735,312,794,291,844,317,508,348,508,396,514,443,523,489,539,533,565,572,599,605,640,631,695,642,745,631,785,606,817,573,841,535,856,493,865,448,871,403,872,355,1.03593,6.14146,-0.830346,1,1,549,293,123,123,721,299,118,118,644,358,576,351,747,360,813,357,610,354.5,780,358.5,0.0237902,-0.215639,-0.976183,1
2023-05-05 145645,426,159,522,522,640,358,572,351,743,359,809,356,693,445,692,477,640,459,742,461,624,529,757,531,692,513,691,565,540,311,595,287,654,310,730,311,789,290,839,316,505,348,505,396,511,443,520,489,536,532,562,571,596,604,637,630,691,641,742,630,781,604,813,572,838,534,852,492,862,447,868,402,869,354,0.676516,5.88481,-0.951235,1,1,545,293,123,123,717,298,118,118,640,358,572,351,743,359,809,356,606,354.5,776,357.5,0.019728,-0.223882,-0.974416,1
2023-05-05 145645,421,158,527,527,636,356,569,350,740,358,806,354,690,443,690,475,637,457,740,459,622,527,755,530,690,511,689,564,536,310,591,285,650,308,727,309,786,289,837,315,502,347,503,395,509,442,519,488,535,532,561,571,595,604,636,631,690,641,741,631,780,605,812,572,836,534,851,491,860,447,866,402,866,353,0.604384,4.75039,-1.26862,1,1,542,293,121,121,714,297,119,119,636,356,569,350,740,358,806,354,602.5,353,773,356,0.0261791,-0.211421,-0.977044,1
2023-05-05 145645,419,159,525,525,634,356,567,350,739,357,804,354,687,442,688,474,635,457,738,459,620,527,754,529,688,511,687,563,535,309,589,285,648,308,724,309,784,288,835,314,501,348,501,396,507,442,516,488,532,532,558,572,593,604,634,631,688,641,740,631,780,605,813,572,837,533,852,491,861,446,866,401,867,353,0.220875,4.66246,-1.36325,1,1,540,293,121,121,713,297,117,117,634,356,567,350,739,357,804,354,600.5,353,771.5,355.5,0.0196073,-0.204497,-0.978671,1
2023-05-05 145645,418,159,527,527,632,356,565,350,737,357,803,354,685,442,685,475,633,457,736,459,618,527,752,529,686,511,685,563,533,309,587,285,646,308,722,309,782,288,833,314,500,348,500,396,506,442,515,488,531,532,557,572,591,605,632,631,686,642,738,631,779,606,812,573,837,534,851,491,861,446,866,401,867,352,-0.0460505,4.45667,-1.39839,1,1,538,293,121,121,711,296,118,118,632,356,565,350,737,357,803,354,598.5,353,770,355.5,0.0197697,-0.204582,-0.97865,1
2023-05-05 145645,418,164,524,524,631,354,564,349,736,356,802,353,683,441,684,474,631,456,735,458,616,527,751,529,684,510,683,563,531,308,586,284,645,307,721,308,781,287,833,313,498,346,497,394,503,441,512,487,528,531,554,571,589,605,630,632,685,643,737,632,779,606,813,573,838,534,853,491,862,446,867,400,868,351,-0.230151,3.96341,-1.17454,1,1,537,291,120,120,710,295,118,118,631,354,564,349,736,356,802,353,597.5,351.5,769,354.5,0.0264752,-0.202898,-0.978842,1
2023-05-05 145645,417,161,528,528,630,356,564,350,735,358,801,354,683,443,683,475,631,458,734,459,615,528,750,530,684,511,682,564,532,310,586,286,645,309,721,310,780,289,832,315,497,347,497,395,503,442,512,488,528,532,554,572,588,605,629,632,683,643,735,633,776,607,810,574,835,535,850,492,860,447,865,402,866,353,-0.0962477,5.27659,-1.42519,1,1,538,294,119,119,709,297,119,119,630,356,564,350,735,358,801,354,597,353,768,356,0.011186,-0.200716,-0.979586,1
2023-05-05 145645,418,162,528,528,629,356,561,350,734,358,800,355,682,444,682,476,628,458,733,459,612,528,748,531,682,512,680,566,529,309,584,286,643,309,720,310,780,289,832,314,494,346,494,395,499,441,509,488,525,532,551,572,585,605,626,632,680,644,733,633,774,607,808,574,834,535,849,493,859,448,865,402,866,353,-0.0937734,6.22409,-1.74033,1,1,534,292,122,122,708,297,118,118,629,356,561,350,734,358,800,355,595,353,767,356.5,0.0227292,-0.21333,-0.976716,1
2023-05-05 145645,416,163,526,526,627,357,560,351,733,359,799,356,680,445,680,477,627,459,732,461,611,529,747,532,680,513,678,566,528,310,583,287,642,310,719,311,779,291,831,316,493,347,492,395,498,442,507,488,523,532,549,572,583,605,624,632,679,644,732,634,773,609,807,576,833,537,849,495,858,449,864,404,865,355,-0.157013,5.1111,-1.42646,1,1,533,294,121,121,707,298,118,118,627,357,560,351,733,359,799,356,593.5,354,766,357.5,0.0251821,-0.215278,-0.976228,1
2023-05-05 145645,417,166,523,523,625,358,557,352,731,359,798,356,678,445,678,477,625,458,730,460,608,528,746,530,678,512,676,565,525,311,580,288,639,311,717,312,777,290,830,316,491,348,490,395,496,442,505,488,522,532,548,572,582,605,623,632,677,643,730,633,772,608,807,575,834,536,850,494,859,448,865,403,866,354,-0.222334,6.58035,-1.78991,1,1,530,294,122,122,704,297,120,120,625,358,557,352,731,359,798,356,591,355,764.5,357.5,0.0312894,-0.215135,-0.976083,1
2023-05-05 145645,415,166,523,523,623,358,555,352,729,359,796,355,676,446,676,477,623,459,729,460,607,528,745,530,677,513,675,565,523,312,578,288,637,311,714,312,775,290,828,315,489,348,489,396,495,443,504,489,521,533,547,572,581,606,622,633,677,644,730,634,772,608,807,575,833,536,848,493,858,448,863,402,864,353,-0.411496,6.68736,-1.95746,1,1,528,294,122,122,702,297,120,120,623,358,555,352,729,359,796,355,589,355,762.5,357,0.0407114,-0.219927,-0.974667,1
2023-05-05 145645,414,166,522,522,621,359,553,353,727,360,794,356,673,446,674,477,620,459,726,460,604,528,743,529,674,513,673,564,520,313,575,289,634,312,711,312,772,290,826,315,487,350,487,398,493,444,503,490,519,534,545,572,579,605,620,632,675,643,728,632,770,607,805,575,831,536,847,493,857,448,862,403,863,354,-0.35134,5.49004,-2.13647,1,1,526,295,122,122,700,298,120,120,621,359,553,353,727,360,794,356,587,356,760.5,358,0.0491907,-0.211973,-0.976037,1
2023-05-05 145645,414,167,518,518,618,359,550,354,724,360,792,356,670,446,671,478,617,460,724,461,602,529,741,530,672,514,670,563,518,313,573,290,632,312,709,312,770,291,823,316,484,351,484,398,489,444,499,490,515,534,541,573,576,605,617,632,672,643,726,633,769,608,804,576,831,537,846,494,855,449,861,404,861,355,-0.301158,3.90401,-1.77449,1,1,523,295,122,122,697,297,122,122,618,359,550,354,724,360,792,356,584,356.5,758,358,0.0523877,-0.219905,-0.974114,1
2023-05-05 145645,408,156,532,532,616,359,550,354,721,358,787,354,668,445,669,477,617,459,720,459,601,529,738,528,669,513,668,563,518,315,571,292,630,313,705,313,765,290,819,314,486,352,487,400,493,445,502,491,518,534,544,573,577,606,618,632,672,643,725,633,767,607,801,573,827,534,842,491,851,446,856,400,856,351,-0.13708,5.48381,-2.04202,1,1,524,297,119,119,695,297,119,119,616,359,550,354,721,358,787,354,583,356.5,754,356,0.0727452,-0.209301,-0.975142,1
2023-05-05 145645,408,157,526,526,617,359,549,355,722,359,789,354,668,447,670,479,617,461,722,461,602,530,740,528,671,515,670,563,517,315,570,292,629,314,705,313,765,290,820,313,484,352,485,399,491,445,501,491,517,534,544,573,578,606,620,632,675,642,728,632,771,605,806,572,832,532,846,490,855,445,860,399,860,351,-0.0279288,6.64614,-2.25139,1,1,522,296,122,122,695,296,120,120,617,359,549,355,722,359,789,354,583,357,755.5,356.5,0.0606177,-0.218321,-0.973993,1
2023-05-05 145645,410,157,527,527,616,359,549,354,721,359,788,354,668,447,670,479,617,460,721,460,601,529,739,529,670,515,670,563,517,315,571,291,629,313,706,313,765,290,819,314,484,352,485,399,491,445,501,491,517,535,543,573,578,606,619,632,673,643,727,632,769,606,804,573,829,534,844,491,853,446,858,400,858,351,-0.050806,5.68183,-2.27498,1,1,522,296,120,120,694,296,120,120,616,359,549,354,721,359,788,354,582.5,356.5,754.5,356.5,0.0609904,-0.205804,-0.976691,1
2023-05-05 145645,410,157,527,527,616,360,548,355,721,359,788,354,668,446,669,479,616,461,721,460,601,530,739,528,670,515,669,563,517,315,570,292,628,314,705,313,765,290,819,313,483,353,484,400,490,446,500,492,517,535,543,574,577,606,619,632,673,642,727,632,769,606,804,573,830,533,845,491,853,446,858,400,859,351,-0.0242796,5.68849,-2.18864,1,1,521,296,122,122,694,296,120,120,616,360,548,355,721,359,788,354,582,357.5,754.5,356.5,0.0694998,-0.211918,-0.974813,1
2023-05-05 145645,411,156,528,528,617,359,549,355,722,359,789,353,669,446,671,478,618,460,722,460,603,529,740,528,671,514,671,563,518,315,571,292,629,314,706,313,765,290,820,313,484,353,485,400,492,446,502,491,518,535,545,573,579,606,621,632,675,642,729,631,771,605,805,572,831,533,846,490,854,445,859,400,859,351,0.0134525,5.53496,-2.34465,1,1,522,296,122,122,695,296,121,121,617,359,549,355,722,359,789,353,583,357,755.5,356,0.0453346,-0.202282,-0.978278,1
2023-05-05 145645,416,168,515,515,619,360,550,355,724,360,792,356,671,445,672,477,618,459,724,460,603,529,741,528,672,513,671,562,518,315,572,291,631,313,709,312,769,290,823,315,485,353,485,401,491,447,501,492,517,536,543,574,578,606,619,631,674,642,727,632,770,607,805,574,831,536,846,493,855,449,860,403,861,354,-0.194156,4.06853,-1.99916,1,1,522,295,124,124,697,297,122,122,619,360,550,355,724,360,792,356,584.5,357.5,758,358,0.0502707,-0.215125,-0.975292,1
2023-05-05 145646,410,157,528,528,619,359,552,355,724,359,790,354,671,446,673,478,620,461,724,460,605,529,742,528,673,514,672,563,521,315,574,292,632,314,708,313,767,291,821,314,487,353,488,400,494,446,503,491,519,534,546,574,580,606,622,632,676,643,730,632,772,606,806,572,832,533,846,490,855,445,859,400,860,351,-0.0429082,6.72275,-2.01057,1,1,525,297,120,120,698,297,119,119,619,359,552,355,724,359,790,354,585.5,357,757,356.5,0.0410804,-0.206711,-0.977539,1
2023-05-05 145646,415,166,517,517,620,361,552,356,725,361,793,356,672,445,674,477,620,460,725,460,605,530,743,529,674,513,673,563,520,316,574,292,633,313,710,313,770,291,823,316,486,354,486,402,492,447,501,493,518,536,544,575,579,607,621,632,676,643,730,632,773,607,808,575,833,536,848,493,857,449,861,404,862,355,-0.374559,5.14629,-1.71647,1,1,525,297,122,122,698,297,122,122,620,361,552,356,725,361,793,356,586,358.5,759,358.5,0.0430279,-0.214375,-0.975803,1
2023-05-05 145646,418,167,514,514,621,361,553,356,726,361,794,357,673,446,675,478,621,461,727,461,606,530,745,529,675,514,675,564,522,316,575,292,634,314,711,314,771,292,824,317,488,355,488,402,494,448,504,493,520,536,546,575,581,607,623,633,678,643,731,633,774,608,809,575,835,536,849,494,858,449,863,404,863,356,-0.298626,5.86863,-1.72098,1,1,526,297,122,122,699,298,122,122,621,361,553,356,726,361,794,357,587,358.5,760,359,0.0545916,-0.22272,-0.973353,1
2023-05-05 145646,417,165,517,517,622,361,553,356,727,361,795,356,674,447,675,479,622,461,727,461,607,531,745,530,676,515,675,565,522,316,576,292,634,314,712,313,772,291,825,316,488,354,489,402,495,448,505,493,521,537,547,575,582,608,624,633,679,644,732,633,774,608,809,575,834,536,849,493,858,448,863,403,863,354,-0.287285,5.95185,-1.72122,1,1,525,296,124,124,700,297,122,122,622,361,553,356,727,361,795,356,587.5,358.5,761,358.5,0.0384613,-0.222753,-0.974116,1
